[
  [
    6537510183,
    {
      "defaultSlippage": 5,
      "customSlippage": null,
      "gasMode": "auto",
      "customGas": null,
      "mevProtection": true,
      "frontRunProtection": true,
      "autoSell": false,
      "autoSellPercent": 100,
      "autoSellDelay": 0,
      "fastMode": false,
      "expertMode": false,
      "activeWallets": [
        0
      ],
      "successNotifications": true,
      "failureNotifications": true,
      "priceAlerts": true,
      "preferredChain": "base",
      "timezone": 0,
      "language": "en",
      "dateFormat": "MM/dd/yyyy",
      "currency": "USD",
      "showBalances": true,
      "compactMode": false,
      "autoRefresh": true,
      "refreshInterval": 12,
      "confirmTransactions": true,
      "maxTransactionValue": null,
      "solanaTransactionType": "public",
      "solanaTimeout": 30,
      "solanaPriorityFee": "auto",
      "createdAt": 1752500572089,
      "lastUpdated": 1752500572089
    }
  ]
]