{
  "12345": {
    "base": {
      "W1": {
        "address": "0x33e66c7263d5fd5856eB8668cf850D9d29E12F8c",
        "privateKey": "0xe2b1e2ad307c8d05019a2f6b3c67b25038b8ee196646eb6d1a51cbb2e3bc77b7",
        "type": "generated",
        "createdAt": 1752975232783
      },
      "W2": {
        "address": "0xD51968742f4923293a2834B700e07b93433768F5",
        "privateKey": "0x8af06d0a47c4897c4501e5c3bdfc654dd1bab8f13db51fab92df9d385ee71eae",
        "type": "generated",
        "createdAt": 1752975232796
      },
      "W3": {
        "address": "0xFB2282473910c674420A3C3447B86232f528A9dB",
        "privateKey": "0xb0e92d3603a8b8d5aaba8da34c5e7960ece5104bd689333305179780ddf48bc4",
        "type": "generated",
        "createdAt": 1752975232809
      },
      "W4": {
        "address": "0x9e55bB60CD5C9252f8246BBAd3CA8372b160a472",
        "privateKey": "0x228d928e9cdf9ed0c3d6b8e83d62e9d6baba62c0253feaab6083657e884ccc56",
        "type": "generated",
        "createdAt": 1752975232819
      },
      "W5": {
        "address": "0xBf9F3158b96bB4e666f86F948Fa6F71926a25Bc7",
        "privateKey": "0x8855106bac8853171b12510c575e8da0343f68e69707908d83df17bec690510d",
        "type": "generated",
        "createdAt": 1752975232838
      }
    }
  },
  "6537510183": {
    "base": {
      "W1": {
        "address": "0x5e7480A0e1C80bb8e517Cc287d0FFbaf7A77ee0A",
        "privateKey": "0x0074ae873e3b4ca9387a1229a5e6f6d9baff8755d81ab492c8f8075efcf30d8e",
        "type": "imported_privatekey",
        "createdAt": "2025-07-20T22:59:18.724Z"
      }
    }
  }
}